FRENCH,ENGLISH,FRENCH_ALPHABET_TRANSCRIPTION,AGCL_TRANSCRIPTION
á part,separate,,étam
á peine,hardly,,ndôme
á peu près,roughly,,mimfimesan
jusques á quand,until when,,ntaa vé
pour toujours,forever,,nnôm éto
abaisser,to lower,,sili
abandonner,abandon,,jô'é
abandonner,give up,,kat
abandonner,renounce,,lik
abattu,beat,,mbôt
abattu,worn out,,ne jo'olan
abcès,abscess,,étye
profond,deep,,édok
abondant,great quantity,,abui
abondance,abundance,,afôk
abondance,accruement,,bizuk
abreuvoir,to serve a drink,,nyuu
absenter,absent,,fuman
absoudre,"
absolve",,kale
accabler,overwhelm,,kpwe'ele
accablé,tiredness,,te'ete'e
accepter,agree,,kañese
accepter,accept,,me'ete
acheter,buy,,kus
achever,to finish,,sondô
accompagné de,"with, along",,baa
accomplir,accomplish,,kpwan
s'accomplir,to accomplish,,kpwan
accorder,agree,,me'ete
accoucheur,maid,,mbialé
accoupler,have sex,,yam
accueillant,welcoming,,meyenan
acquérir,acquire,,koane
acquérir,obtain,,kus
adhérent,member,,mvôn
adolescent,teen,,amvemvet
adopter une position ou attitude de menace,stand in a threatening position,,kumelan
adorer,worship,,kañ
adroit,skillful,,kaa
adulte,adult,,ôya
adulte,senior citizen,,ékua minga
adultère,adultery,,mejian
adversaire ,adversary,,nsiñ
affaibli,weakened,,éjujuk
afin,so that,,ndemben
affliction,affliction,,njuk
affliger,mistreat,,ndeñele
affliger,get angry,,wô'ôlun
affranchir,to take back,,vaa
áge,elderly,,nnome môt
ágé,old,,nnôm
s'agenouiller,kneel,,kute meboñe si
agiter,to agitate,,tyiñelan
agrandir,to widen,,nene
agneau,lamb,,kabat
agrafe,staple,,éfeta'a
agréable,good,,abeñ
agréable,nice,,mbamba
agréable ,pleasant,,mvaé
aide,help,,mvolan
aider,to help,,volô
aigle,eagle,,ndôé
aigle de mer,sea eagle,,jun
aigu,sharp,,akap
aile,wing,,afap
aimer,to love ,,diñ
aimer,to love,,nye'e
aîné,elderly,,mvendé
aîné,senior,,ntôl
ainsi,therefore,,nalé1
ainsi (de suite),and so on,,akeake
cuivre,bronze,,mvot
aisselle,under arm,,mva'an
ajouter,add,,kô'ôlan
allaitant,breastfeeding,,njenjaé
allaiter,to breastfeed,,nyáa
allegresse,gay,,avak
allégresse (chant d'),joy song,,anguk
allégresse,joy,,mevak
aller,go,,ke
allez,go away,,kengan
alliance,alliance,,élat
alliance,alliance,,ñgam
alliance,alliance,,ñgbwa
allogène,stranger,,ntabe
alors,consequently,,nde
lettre de l'alphabet,alphabetic letter,,ñnemb
amas,heaps,,ñkôán
amas d'eau,heaps of water,,ébaták
amasser,"keep, conserve",,naan
áme,"spirit, soul",,nsísim
amendes,fines,,mimbañ
amer,bitter,,ayôl
amerture,bitterness,,ayôl
amélioration,improvement,,zek
ami,friend,,mvôé
ami,friend,,mô
amitié,friendship,,ngbwa
amonceler,pile up,,vis
s'amonceler,pile up,,viseban
amour,"love, affection",,édiñ
ampoule (de la peau),blister,,biyêñ
an,year,,mbu
ananas,pineapple,,zek
ancêtres,ancesters,,bôt betô
ancient,ancient,,tô
ancien,old times,,mvendé
âne,donkey,,éjakas
angle,"angle, side",,abúk
angle,angle,,jua 
angoisse,anxiety,,angôndô
angoisse,anguish,,éngôngo
animal,animal,,tít
anneau,ring,,élondò
anneau,ring,,émvoñgá
anneau,ring,,akota
anneau,nose ring,,õdô'ô
année,year,,mbú
annonce,news,,fòé
annoncer,announce,,kat
antiquité,antiquity,,kõá
anus,anus,,élañ
s'apaiser,appease,,je'ebe
apaiser,to calm down,,tuni
apercevoir,see ,,yên
apparaître,appear,,yené
appeler,call ,,loene
appeler,name,,yôlé
apporter,to bring,,zu
apprendre,let know,,kat
apprendre,learn that,,wô'ôtan
apprêter,primer,,"kõm, kômône"
apprêter,ready,,kõmesan
s'apprêter,get ready,,kõmesan
apprivoisé,"tamed, pet",,ngbwa'a
approcher,to approach,,subu
s'approvisionner,to stock up,,naan
araignée,spider,,abôp
arbre,tree,,élé
arc,arc,,élaé
arc–en–ciel,rainbow,,ndutum
ardeur,ardour,,ñgul
argent,money,,môné
argile,clay,,mbotok
armée,army,,mewosan
arriver,arrive,,kpwáan
aromate,spice,,étyita'a
aromates,seasoning,,bityita'a
aromates,arromatics,,meyemete
arracher,get by force,,faté
arracher,tear off,,koé
arracher,take away,,wôlé
arrêter,arrest,,bi
s'arrêter,stand,,tebe
arriver,arrive,,suan
arrogant,arrogant,,"ésas, ñkpwala, ôdoñ"
arrogant,arrogant,,éñgbwáñ
arroser,water,,sôé mendim
assaisonné,spiced,,asos
assaisonnement,seasoning,,étyita'a
assaisonnements,spices,,bityita'a
assemblage,attached,,nlatán
assemblée,meeting,,ékôan
assemblée,assembly,,ésulán
s'assembler,fit together,,lat
s'assembler,assemble,,sulan
s'asseoir,stay,,tabe
s'asseoir,sit,,tabe teto  
assiette,plate,,ésua
assis,sitting position,,tetoo
asticot,maggot,,étum
attaché,attached,,nlatán
attaché,tied,,ntiñetán
attachement,tie,,nlatán
attacher,tie,,kák
attacher,attached,,ne ta
attacher,to tie,,tiñeti
attacher,tie,,wô'ô jôm
s'attacher,stick to something,,kabetan
attendre,wait,,yange
attention,warning,,ntyel
attraper,catch ,,ka
au–delá,beyond,,yat
aube,dawn,,tyé
aubergine,eggplant,,zoñ
augmenter,increase,,kô'ôlan
auge,load,,mbe'e
augmenter,to widen,,nene
aujourd'hui,today,,den
auparavant,way back,,taté
auprès,close,,bebé
aussi,also,,fe
authorité,authority,,díjôé
autochtone,local resident,,bialébialé
autour,around,,mboma'ane 
autre,other,,fok
autre,other,,afe
autre,other,,mbok
autre,other,,mfe
l'autre,the other,,nyo mbok
autrefois,the old days,,melu koa
avait,had,,anga
avaler,swallow,,min
personnes âgées,elderly,,ñnome môt
s'avancer,to come forward,,ke osu
avant,before,,tyen
avant,before,,te yen
avant-bras,forearm,,nsunuk
avant-bras,forearm,,ôkañele
avant-bras,forearm,,ôvama'
avarre,selfish,,mfôfom
avec,with,,a
avec,with,,baa
avec,along,,nsamba
aveugle,blind,,"ndim, ndindim"
avoir,have,,bi
avoir confiance ,trust,,bunan
avoir honte,be humiliated,,wô'ô ôson
avoir peur,fear,,ko woñ
avoir peur,fear,,mate
avoir pitié,feel sorry,,ko éngôngô
avorter,abort,,vas abum1
avouer,confesse,,mem
être attentif,pay attention,,baa alo
commettre l'adultère,cheat ,,bo mejian
bâclé,sloppy,,biwôs
bagage,luggage,,afunda
bague,ring,,élondo
se baigner,swim,,woban
bain ,shower,,dut
baiser,kiss,,latan anyu
balance,weight,,kop
balance,balance,,nlôt
balayé,wiped,,mvosan
ballade,wandering,,bimo
ballon,ball,,ébuma
bande,band,,nsamba
bande,rayed bar,,ntendé
baobab,baobab,,dum
barbe,beard,,zel
barre,bar,,mboñ
base,base,,atin
base,root,,étebaa
base,origin,,mbôka'a
bassin,bassin,,ékanda
bassin,plate,,ésua
bastonnade,beating,,ébôm
bataille,battle,,mewosan
bâti,physical appearance,,éyeka'a
bati ,built,,nloñan
bâtir,construct,,lôñ
batisseur,builder,,nlôñ
bâton,stick,,mbeñ
bâton,rod,,ntum
bâton (souverain),king rod,,ntum njôô
battre,to beat,,bôm
battre,to surpass,,dañ
se battre,to fight,,vuñ
battre la chamade,beating the drum,,kumetan
battre les mains,clap one's hand,,kute fas
baume,cream,,mbon
bavard,talkative,,mfop
beau,handsome,,abeñ
beau,beautiful,,mbamba
beau–frère,brother–in–law,,mmiaé
beau–père,father–in–law,,ntyi
beaucoup,a lot,,abui
beaucoup,many,,jama
beauté,beauty,,abeñ
bébé,baby,,nkeñelé
bec,beak,,anyu
bélier,lamb,,ntômba
belle,"handsome, gorgeous",,abeñ
belle fille,bride,,mbom
belle–mère,mother–in–law,,ntyi
belle–sœur,sister–in–law,,mmiaé
belles paroles,good words,,mbamba mejô
bénédiction,blessing,,ébotan
béni,blessing,,ébotan
bénir,to bless,,botan
berger,shepherd,,mbaale mimtomba
biche,deer,,émvu
biche,doe,,nkok
bien joué,well played,,mvaé
bien arrivé,arrived well,,mvoé
bien portant,good standing,,mvoé
bien faire,to do properly,,tú'a
bienfait,good deeds,,mvaé
biens,wealth,,akum
biens,belongings,,biôm
bienveillance,good will,,mvam
bitume,mud,,étek
bitume,mud,,mbôtôk
blanc,white,,éfumulu
cheveu blanc,white hair,,nyup
brillant,shiny,,ne fumm
blé,grain,,fôn
blé,wheat,,nlisi
blessé,injured,,mfefeñ
blesser,to cut,,balé
blesser,injure,,lôp
blessure,cut,,aveñ
bœuf,beef,,"ényaka, nyak"
boire,to drink,,nyu
bois,wood,,njaa
boiter,limp,,fenke
bon,good,,mvaé
bon,delicious,,zam
bon,just,,zoso
bon á manger,good to eat,,mvaé
bon sens,good sense,,fek
bonheur,happiness,,afok
bonheur,joy,,jin
bonheur,luck,,maa
bonheur,happiness,,mevak
bonne odeur,good smell,,mesan
bonne (santé),good health,,mvoé
bonté,grace,,mvam
bonté,goodness,,menyep
bord,border,,akuk
bord,along a border,,éwom
bord,border,,nkôñ
bord,border,,nsak
bord,border,,ñwôñdé
bord de la mer,border of an ocean,,nsaa mañ
bord (du fleuve),border of a river,,nsaôsôé
bordure,border,,nkôngô
bouc,goat,,nnôm ékela
bouche,mouth,,anyu
boucle,staple,,ébandan
boucle doreilles,ring,,émvonga
bouclier,shield,,ében
boue,mud,,ndobok
bouger,shake,,fo'osan
bouger,to move,,loñelan
bougé,moved,,fôô
bouger,move,,fôôsan
bouillonner,boil,,fuluku
boulanger,bread maker,,mbube fembé
bouleverser,turn upside down,,koñelan
bracelet,bracelet,,akom
branche,branch,,ntum
branche,branch,,"ntya, ntyaé"
bras,hand,,wo
bras du fleuve,arm of the river,,mimbal
braisé,braised,,mbuban
braiser,braze,,bup
bras du fleuve,arm of the river,,mbal
brasier,braze,,ékanda nduan
brebis,sheep,,ntômba
brèche,breach,,mbu'an
brigand,gangster,,évô
brigand,bandit,,mvômvô
briller,to lighten,,faé
briser,to break,,buk
brodé,knitted,,ntiñan
broder,knit,,tiñ
brouillard,steam,,éjujuk
brouillard,fog,,ndutu
brousse,bush,,fé
bru,bride,,mbom
bruit,noise,,éduñ
bruits,noises,,biduñ
brûlé,burned,,ndian
brûler,burn,,dii
brûler,burn,,dik
brûler au charbon,burn with coal,,tui ndúan
brûler,burn,,yôñ
brûler de la nourriture,burn food,,tumulu
brûler á une chaleur vive,burn with intense heat ,,beleke
se brûler,be burned,,belekan
brûlure,burnt,,ndian
brutaliser,brutalize,,ndometan
bruyant,noisy,,éngôngôm
buisson,drink,,ésaé
but,goal,,aju'u
but,goal,,éken
butin,booty,,nkôm
butin,loot,,nsa
barre de bois,wooden bar,,ébaa
beaucoup de bruits,very noisy,,ne ngôm–ngôm–ngôm
grand bruit de pas,loud foot steps,,ékindi
"bon matin, bonne heure","dawn, sunset",,ésala tyé
se lever de bonne heure,wake in a good mood,,kun
,,,
caca,poop,,abí
se cacher,hide,,mate
se cacher,to hide,,sobô
cacher,hide,,solé
cachet,cachet,,élondò
cachette,hide,,ésobo'o
cachette,hiding place,,asôé
cadavre,corpse,,mbim
cadet,cadet,,moñgo
caille,quail,,ôbem
caillot de sang,blood clot,,ézôzô'ôté
caisse,crate,,nkoé
caleçon,underpants,,akúba
calice,chalice,,ébese
calice,chalice,,ékpwas
calme,calm,,évovoé
calme absolu,absolute calm,,ne kubuk
calmer,calm,,je'e
se calmer,calm down,,voé
camp,camp,,ñkan
camp,camp,,nsámbá
campement,camp,,meyôa
camper,camp,,bômbô meyôa
canne à pêche,fishing rod,,ñkpwá'á
caoutchouc,rubber,,ndamba
capacité,capacity,,fôk
captif,captive,,ñkom
captivité,captivity,,minkôm
car,car,,amu
caravane,caravan,,nsamba
carpe,carp,,mva'a 
carquois,quiver,,"nse""e"
carrefour,carrefour,,ma'ane
cartouches,cartridges,,mekòñ
casser,break,,bôé
casque,helmet,,afô'ôlô
catégorie,category,,awoso
causer,cause,,láan
causer,cause,,fit minlañ
causer un bruit,cause a noise,,tô'ôlan
causerie,chat,,nláan
causerie,chat,,nlañ
causeries,talks,,minlañ
caution,surety,,éban
cave,cellar,,ndáa bidí
caverne,cavern,,mbas4
ce,ce,,ate
ce,this,,"wu, wuna"
ceci,this,,ana
céder,yield,,ve
ceint,belt,,ntiñetan
ceinture,belt,,ases
ceintures,belts,,"menja""a"
célébration,celebration,,èbêk
célébrer,celebrate,,kañ
célibataire,single,,nkôé
cellule,cell,,étun3
celui,the one,,nye
celui–ci,this one,,nyina
cendre,ash,,asup
cent,hundred,,ntet
centre-ville,downtown,,mbama
certain,certain,,ôbe
certainement,certainly,,"fo""o"
certainement,certainly,,ke
cesser,stop,,"jô""é"
ceux,those,,ba
ceux–ci,these,,mina
chacal,jackal,,mvak
chaîne,chain,,ngôkop
chair,chair,,nsôn
chaise,chair,,éto2
chaleur,heat,,ayôñ
chaleur,heat,,vian
chalumeau,flashlight,,ndiñ
battre la chamade,to beat the chamade,,kumetan
chambre,room,,étune ndá
champignon,mushroom,,vió
chance,luck,,"ma""a"
chanceler,wobble,,meñ
chandelier,chandelier,,ébi éfufup
changer,change,,koñelan
chant,song,,jiá
chant d'allégresse,song of joy,,anguk
chanter,sing,,yia jia
chanter á haute voix,sing aloud,,lomé
chapeau,hat,,afô'ôlô
chaque,every,,éfas
charbon,coal,,"da""a"
charge,load,,"mbe""e"
chargement,loading,,mbe'e  
charger,load,,bete
charme,charm,,mebáda
charnière,hinge,,mebanda
chasse,hunting,,nsom
chasser,hunting,,titan
chasseur,hunter,,nsomé
chat–huant,owl,,akuñ
châtier,chastise,,lep
cháâ¢timents,cháâ¢timents,,melep
chaud,hot,,ayôñ
chaussure,shoe,,ékondé
chauve-souris,bat,,éfêfáé
chaux,lime,,fem 
chef,chef,,évet
chef,chef,,mie jale
chef,chef,,njô'ô
chemin,path,,zen
chemin,path,,mekotô
cher,dear,,édima
chercher,search,,jeñ
chétif,puny,,atek
chétif,puny,,mfefeñ
chevet,bedside,,ébônga
cheveu ,hair ,,nyup
chèvre,goat,,ngal ékela
chevreau,kid,,ekela
chien,dog,,mvu
choisir,choose,,top
choix,choice,,ntoban
chose,thing,,beta
celui–ci,this one,,nyina
cicatrice,scar,,éfel
ciel,sky,,yôp
arc–en–ciel,rainbow,,ndutum
écluse du ciel,sky lock,,mimbé ya yôp
cime,top,,"susu""a"
cinquante,fifty,,mewôm mêtáan
circoncire,circumcise,,tyí' átye
cire,wax,,éko
clan,clan,,ètuñga
cloche,bell,,abeñgê
clochette,bell,,abeñgê
clôture,fence,,nká'álé
clouer,nail,,"sêne (Verb of State: Me sêne (I am nailed/Je suis cloué), A sêne (He/She is nailed/Il-Elle est cloué))"
se clouer,to nail,,"sênan (Verb of State: Mí sênan (You (Plural) are nailed/Vous (Pluriel) êtes cloué(e)s), Bê sênan (They are nailed/Ils-Elles sont cloué(e)s))"
cœur,heart,,nlêm
cognée,cognée,,ôvôn
cogner,knock,,ba'aé
coin de la maison,corner of the house,,"abu""u nda"
du coin de l'œil,corner of the eye,,mimfimesan
coin,corner,,abuk
cola,cola,,abe
colère,anger,,ayaa
colère,anger,,ñyaan
collant,sticky,,ba'aba'a
coller,stick,,dingan
collier,collar,,ngôkop
colline,hill,,nkôl
colombe,dove,,"zum, obeñ"
colombe,dove,,éyel obeñ
colonne,column,,akôn
colonne,column,,nsum
colporteur,peddler,,mfuk
combat,combat,,mewôsan
combattre,combat,,wosan
combien ?,how many?,,míáñmbé
combler,fill,,vis
combler un trou,fill a hole,,dibilan
commandement,command,,mvendé
commandement,order,,abendé
commandement,law,,atiñ
comme,as,,aval
comme,like,,aval ane
comme ça,like this,,ana
commencement,beginning,,"atata""a"
commencer,start,,taté
comment,how,,aya
commettre l'adultère,to commit adultery,,jian
compagnie,company,,awoso
complètement,completely,,nê kalat!
comptable,accountant,,nlañan
compter,count,,lañ
comploter,plot,,bôndé
concassé,crushed,,mbiban
concevoir,conceive,,nyoñ abum
conciliabule,conciliabule,,ésok
concourir,compete,,dõñgan
concubine,concubine,,ébon
condiment,condiment,,"étyita""a"
condiments,condiments,,"bityita""a"
conduire,drive,,wulu
confiance,confidence,,mebun
confiance,trust,,ndi
confiance envers quelqu'un,trust in someone,,mefití
confiance,confidence,,bunan
confident,confidant,,ébel
confondre,confuse,,zametan
confusion,confusion,,fe'e ne vema
congédier,dismiss,,suu
connaissance,acquaintance,,ñyeman
connaáâ®tre,connaáâ®tre,,"jô""ôbô"
connaáâ®tre,connaáâ®tre,,yem
consacrer,devote,,telé étyi
conseiller,advise,,mbondé mefek
conseiller,advisor,,nlep
conseiller,consultant,,lep
conseils,advice,,melep
consentir,consent,,"me""ete"
conserver,conserve,,"ba""ale"
conserver,retain,,naan
considération,consideration,,duma
consoler,console,,voé
consoler,console,,voé
consoler,console,,volô nlem
conspirer,conspire,,bondé
consternation,consternation,,fe'e ne vema
consulter,consult,,sili
contrée,country,,ngoto
construction,construction,,nloñan
construire,build,,loñ
consumer,consumer,,dik
content,content,,mengo'o do
continuellement,continuously,,ñnôm éto
continuer,continue,,sabeke
to,to,,ê
contusion,bruise,,minlun
convenir,agree,,yian
conversation,conversation,,nláan
convier,convier,,bañete
convoiter,covet,,nyamete
corbeau,raven,,éñbwañ
corbeille,basket,,ékôbô
corde,rope,,nkol
cordon ,cord,,nkol
cordon ombilical,umbilical cord,,ngop
corne,horn,,nlak
se corrompre,corrupt,,nyum
cortège,procession,,nsamba
corvée,chore,,ésaé
costaud,stout,,mbene môt
côte,coast,,"mva""é"
côte (de la mer),coast (of the sea),,"nsa""a mañ"
á côté,á côté,,mfôm
á côté,beside,,ngbwak
du côté,the side,,"mfa""a"
côté,side,,mfin
coton,cotton,,sut
cou,neck,,tyiñ
cou ,neck,,ntip
coucher,lie down,,"jô""ôbô"
se coucher,lie down,,bômbô
se coucher,lie down,,bômbô si
se coucher,lie down,,wunubu
se coucher,lie down,,yatebe
couchette,bunk,,"éjô""ôba"
coudée,cubit,,"anyi""i"
coudées,bent,,menyik
coudre,sew,,loé
couler,sew,,len
couler,sew,,lôt
coup de poing,punch,,ékuta
coupable,guilty,,bijô
coupable,guilty,,étom
coupable d'un crime,guilty of a crime,,mekua
coupe,cut,,élaé
coupe,cut,,kop
être coupé,be cut,,ba'éban
couper,cut,,ba
couper,cut,,ba'aé
couper,cut,,tyik
couper par le milieu),cut through the middle,,sal
couple,couple,,ngale ba nnom
cour,yard,,nseñ
courageux,brave,,ayok
courageux,courageous,,ñyôyok
courageux,brave,,ngul nlem
courbé,curved,,mvitibane (si)
courber,bend,,vit
courir,run,,mate
courir,run,,mate mbil
couronne,crown,,ékat
course,run,,mbil
course,race,,ne ndañe–ndañe–ndañ
court,short,,étun
couteau,knife,,ôtyeñ
coutume,custom,,fulu
couvercle,cover,,"ébuta""a"
couvert,covered,,ñyañan
couverture,cover,,"ébuta""a"
couvrir,cover,,buti
craindre,fear,,ko woñ
crainte,fear,,woñ
cramoisi,crimson,,évele
créance,claim,,mvôla
créature,creature,,ékômekôma'a
créer,create,,té
créer de la confusion,create confusion,,joteban
crème,cream,,mbon
crépuscule,twilight,,fôfol ngôé
creuser,dig,,fak
creuser,dig,,vuli
creuser,dig,,vundi
creux,hollow,,mbamele
creux,hollow,,mful
cri,cry,,nyon
ê,ê,,crier
crier,shout,,yôn
crochet,hook,,akop
crocodile,crocodile,,ngan 
croire,believe,,buni
croire,believe,,kona
croiser les mains,cross one's hands,,ba'a mo
cru,raw,,nyumi
cruche,jug,,nkak
crue,raw,,ndôn
cruel,cruel,,njenjet
cruel,cruel,,zoñ
cueillir,pick,,faté
cuire,burn,,"di""i"
cuisine,kitchen,,kisin
cuisinier,chef,,ñyame bidi
cuisse,thigh,,abé
cuire,cook,,yam
cuit,cooked,,ñyamam
demi–cuit,raw,,nyumin
cuit (au four),roasted,,mbuban
cul,rectum,,ébôñ
culpabilité,guilt,,ayem
culpabilité,guilty,,étom
cupidité,interest,,nsengue
cultiver,plant,,bé
cultiver,cultivate,,saé
cuve,tank,,"ésôba""a"
cymbale,cymbal,,ñwoé
ceci cela,this and that,,jame si jame ka
"c'est pour cela, c'est pourquoi",that's why,,ajô te
clair de lune,moonlight,,miel
sur la chaise,on the chair,,éto yôp
donner un coup de poing ,give a blow,,lúm ékuta
á côté,next to,,fefêl
de côté,on a side,,feñ
tout d'un coup,all of a sudden,,atemetem
faire la cour,to court,,daa
embaumer le corps,embalming the body,,kôm mbim
assiette creuse,mug,,"édo""ésua"
danse,dance,,abôk
dauphin,dolphin,,abañ
davantage,more,,dañ
d'où,whence,,vôm
vient de,comes from,,ndôme
de plus en plus,more and more,,nenenen
déborder,overflow,,fuku
déborder,overflow,,fuluku
debout,stand,,tetele
se débrouiller,manage,,sútán
décharnés,gaunt,,"bivese, bives"
déchiré,torn,,mbili ze
déchiré,torn,,nyaban
déchirer,tear,,nyap
déchirer,tear,,nyabé 
déclaration,statement,,njôan
déclaration vraie,true statement,,totii
dédaigner,scorn,,biasé
dedans,inside,,été
dédommager,compensate,,yá'an étom
défaillance,default,,vema
sans défaut,without defect,,ne selem
défendre,defend,,kame
défense,defense,,atiñ
dégager,clear,,vas
déglinguer,dislodge,,juk
dehors,out,,atan
dehors,out,,nseñ
délaissé,forsaken,,nlulup
délicat,delicate,,atek
délivrance,delivery,,nyian
délivrer,deliver,,kôté
délivrer,deliver,,nyii
déluge,deluge,,ndôn6
demain,tomorrow,,akiti
demander,ask,,sili
démarrer,start,,bumu
démarrer,start,,"téé, tée dulu"
démarrer,start,,ngutan
se démettre,give up,,fô’ôsan
demeure,remain,,étaba’a
demeurer,remain,,tabe
demi,half,,étun
demi–cuit,half-cooked,,"nyumi, nyumin"
dent,tooth,,asôñ
dépassement,overtaking,,medañ
dépasser,overtake,,dañ
dépasser,overtake,,nemban
dépaysement,displacement,,éyeya'an
déposer,deposit,,bôé
dépouiller,strip,,sa
déraciner,uproot,,fumban
dérangement,disturb,,éndeñela’a
déranger,disturb,,ndêñêle
dérober,steal,,wúp
derrière,behind,,mvus
derrière la maison,behind the house,,falak
derrière d'une personne,behind a person,,zut
désastre,disaster,,abé
désastre,disaster,,njian
descendance,descent,,mvoñ
descendre,descend,,lumbu
descendre,descend,,sili
descendre,descend,,sis
descendre,descend,,sise si
descendre,descend,,sulu
désert,desert,,élik
désert,desert,,ôzôm
désert,desert,,ne ngo–ngo–ngo–ngo
désert,desert,,ngeñññññ
village désert,desert village,,bibôt
déshonneur,dishonor,,ôson
désir,desire,,mkômban
désirer,desire,,kômbo
désolation,desolation,,du
désordre,disorder,,ézezam
désordre,disorder,,zametan
dessécher,desiccate,,bomelan
dessiner,draw,,kañ
dessous,under,,sí
dessus,top,,yôp
détail,detail,,melanga
détester,hate,,víni
détour,detour,,ndiñ
se détourner,turn away,,yale
détruire,destroy,,ndaman
to,to,,e
détruire,destroy,,jian
détruire,destroy,,jian
détruire,destroy,,tyam
dette,debt,,mvôla
deux,two,,baé
deux,two,,bebaé
deux,two,,bibaé
deux,two,,ébaé
les deux,the two,,bibaane
tous les deux,all two,,bebaane
deuxième,second,,baa
devant,in front of,,ôsu
dévasté,devastated,,élik
devenir,become,,veñesan
devenir,become,,veñesan
devenir enceinte,become pregnant,,nyoñ abum
devenu,become,,ntoo
deviner,guess,,bi’i
dévorer,devour,,viele
diamant,diamond,,afita
Dieu,God,,Zambe
dieu,god,,zambe
difficile,difficult,,ayaé
différé,deferred,,andi’i
digne,worthy,,éjijin
digne,worthy,,jin
dignité,dignity,,éjijin
dimanche,sunday,,sondô
diminuer,decrease,,dutan
diminuer,decrease,,se’an
dire,say,,jô
dire,say,,kat
dire au revoir,say goodbye,,ya’an
direction,direction,,zia
diriger la population,lead the population,,têbêle
discriminer,discriminate,,bindi
discriminer,discriminate,,kandé
discutter,discuss,,jos
disperser,disperse,,tyamelan
disperser,disperse,,mias
douleur,pain,,mintaé
se disperser,disperse,,mialan
se disperser,disperse,,tyamelan
dispute,dispute,,mesengan
dissiper,disperse,,kutu
distance,distance,,éndenda
distance,distance,,nté
distinguer,distinguish,,kandé
divertissement,entertainment,,bivôé
diviser,divide,,kandé
dix,ten,,awôm3
doigt,finger,,ônyu
dominer,dominate,,jôô
dominer,dominate,,jôô
don,don,,mvák
don,don,,ñgàñ
donner,give,,ve
donner un baiser,give a kiss,,latan anyu
donner un coup de poing,give a punch,,lum ékuta
donner ou recevoir des hommages,give or receive tributes,,sêk
donner le nom,give name,,yôlé
donner raison,give reason,,kale
donner un peu,give a little,,ndôé
dont,including,,mvie
dormir,sleep,,ke ôyo
dot,dot,,nsubá
doter,to measure,,vek
doublé,doubled,,mba’atan
doucement,slowly,,ne séé
doucement,slowly,,ôte’etek
douleur,pain,,mintáé
doux,smooth,,akon
doux,smooth,,avòé
douze,twelve,,awôm a mibaé
dragon,dragon,,akamenyañ
draguer,to court,,daa
drap de lit,cover bed,,mefu
dresser,dress up,,telé
la droite,right side,,mbo nnôm
droiture,"fair, just",,zôsõô
dur,hard,,ayaé
dur,tough,,ayet
dur,severe,,ayok
dur,robust,,ne kpwé!
durcir,harden,,yem
durer,last long,,libi
de côté,sideways,,feñ
de côté et d’autre,from side to side,,li a li
de nouveau,again,,beta’a
dos au sol,back to the ground,,kayale ôtok
se perdre de vue,lose sight of each other,,kandan
partir de,from,,kôlô
au–delá,au-delá,,yat
se mettre debout,stand up,,tebe
mettre en désordre,make a mess,,zametan
eau,water,,mendim
échange,exchange,,bifolo'o
échanger,exchange,,fol
effacer,delete,,tyam
effets,effects,,biôm
s'effrayer,frighten,,fô'ôban
effrayer,frighten,,ko woñ
effroi,fright,,woñ
empêcher quelqu'un de faire quelque chose ou de toucher quelque chose ou quelqu' un,prevent someone from doing something or touching something or someone,,kaman
endolorie de mebata,mebata pain,,abata
enfermer,lock up,,dibili
enfer,hell,,étôtôlán
enrichir,enrich,,kúmêle
entrer,enter,,zu
s'entretenir,maintain,,láan
écumer,skim,,ndeñetan
s'égarer,stray,,kope zen
s'égayer,brighten,,vak
égoïsme,selfish,,afom
égoïste,selfish,,mfôfom
élargir,enlarge,,ndame
élever,raise,,bete
élever la voix,to raise one's voice,,bete tyiñe yop
s'élever,rise,,bete
éloigné,distant,,ôyap
s'éloigner,move away,,kôlô
épée,sword,,ñkpwate mekôn
épier,spy,,mon
épine,thorn,,nsíní
enseigner,teach,,ye'ele
ensuite,then,,mvús
entendre,hear,,wok
entier,entire,,ngum
entourage,surroundings,,mboma'ane 
entourer,surround,,bôman
entre,between,,zañ
entrer,enter,,nyiin
faire entrer,make enter,,nyiñeli
entretenir,maintain,,ba'ale
s'entretenir,maintain,,laan
s'entretenir,service,,laane minlañ
équipe,team,,ngam
s'étendre,extend,,mialan
s'étendre,expand,,yametan
étendue,reach,,nsaman
étendue,extent,,ñyem
(Seigneur) Eternel,(Lord) Eternal,,Tate Jéhova
s'étonner,be astonished,,kam
envier,envy,,nyamete
environner,surround,,boman
"envoyer, lá¢cher","send, lá¢cher",,lom
épais,thick,,afip
épaule,shoulder,,étul
épaulette,epaulette,,éwok
épée,sword,,ôban
épervier,sparrowhawk,,ôbam
épine,thorn,,éyo
épingle,pin,,ébandan
épis vide,empty spike,,nkel
époque,period,,mbu
épouse,wife,,minga
épouse,wife,,ngal
épouser,marry,,luk
époux,husband,,nnôm
éprouver,experience,,bôbôlô
ébahi,stunned,,vema
ébranler,shake,,fô'ô
ébranler,shake,,ndeñetan
échange de filles,exchange of girls,,alu'u mvol
échanson,cupbearer,,évete bidi
échanson,cupbearer,,mbi élaé
échelle,ladder,,abonkô'ô
échelle,ladder,,étune zen
éclair,lightning,,zô'ôyañ
éclairer,illuminate,,faé
s'éclipser,eclipse,,ne sot
écluse du ciel,sluice of heaven,,mimbé ya yôp
écouter,listen,,vô'ôlô
écouter,listen,,wok
écraser,crush,,bôé
écraser,crush,,kôk
écraser,crush,,tibi
écrire,write,,tili
écrit,write,,ntilan
écriture,writing,,ntilan
époque,period,,bijua
éprouver,experience,,ve'ele
ère,era,,éjua
errer,wander,,famé
errer,wander,,ndeñ
errer,wander,,ndembe
errer,wander,,ndeñ
erreur,error,,ékòp
esclave,slave,,ôlò
espace,space,,ñkándán
espèce,species,,avál
espérance,hope,,ndi nlem
espion,spy,,nloé
espionner,spy,,loé si
esprit,spirit,,nlem
esprit,spirit,,nsisim
essayer,try,,ve'ele
essenciel,essenciel,,étôt
étable,stable,,abembá
établir,establish,,bo
établir,establish,,telé
étang,pond,,ébatak
étang,pond,,étam
aboñkô'ô,aboñkô'ô,,"étappe, échelle"
etc…,etc...,,akeêke
été,summer,,ésep
éteindre,extinguish,,dim
s'éteindre,extinguish,,dim
étendre,extend,,limi
étendre,extend,,ndame
étendre,extend,,nene
étendre,extend,,sám
éternellement,eternally,,ñnôm éto
s'éterniser,eternalize,,langan
étincelle,spark,,étyeka'a nduan
étoile,star,,ôteté
étonnement,astonishment,,ésemen
étonnement,astonishment,,fonaa
s'étonner,wonder,,semé
étranger,stranger,,bikul2
étranger,stranger,,ékul
étranger,foreign,,mone bikul
étranger,foreign,,nneñ
étranger,foreign,,njin
étranger,foreign,,ntabe
être brûlé,to be burned,,tumulu
être coupé,to be cut,,ba'éban
être content,being happy,,kô'ôlô mie 
être malade,to be sick,,ya'a
être réjouissant,to be happy,,tabê mefok
peut–être,can be,,ndô'ôtô
éveil,awakening,,évévé
événement,event,,jam
exagérer,overdo,,nemban
éxagérer,exagerate,,vômôtô
example,example,,éve'ela
exaucer,grant,,wô'ô meye'elan
exaucer,grant,,wôk
excepter,except,,salè
excepté,except,,"veñgeveñge, veñge-veñge"
exception,exception,,
excessif pour les dépenses,excessive for expenses,,éñgôñgôt
exclure,exclude,,salè
exclure,exclude,,yok
excrément,excrement,,abi
exiger,demand,,betan
expiation,expiation,,metuna'a
expier,expiate,,tuni
expirer,expire,,wú
explication,explanation,,ñkúlán
expliquer,explain,,kúlu
expliquer,explain,,tinan
exploser,explode,,tôtan
exposer,expose,,ju
exquis,exquisite,,zám
exterminer,exterminate,,jian
extorquant,extorting,,éñgôñgôt
extrémité,end,,akuk
extrémité,end,,ñné
amas d'eau,heap of water,,ébatak
á l'écart,on the side,,feñ
réclamer encore,to demand again,,kat
va–t–en,go away,,kôlo'o
mettre á l'épreuve,to put to the test,,ve'ele
fabriquer,make,,"kôm, kômône"
face,face,,asu
se fâcher,get angry,,wô'ôlun
se fâcher,get angry,,yaa
fade,bland,,avoé
faible,weak,,atek
faible,weak,,avoé
faire,make,,bo
faire boire,make drink,,nyuu
faire dans la joie,to make in joy,,tú'a
faire en vain,do in vain,,éboboé
faire la cour,to court,,daa
faire (entrer),to make (enter),,nyiñeli
se faire mal,to hurt oneself,,juk
faire partir,make go away,,suu
faire passer,to make pass,,daa
faire pleuvoir,make it rain,,noo
faire pleuvoir,make it rain,,noo mveñ
faire sortir,make out,,kuié
faire tomber,to make fall,,dume si
faire tomber d'un profond sommeil,to make fall from a deep sleep,,yale oyo
faire une pause,to take a break,,simi
faire venir,to bring,,dutu
famine,famine,,mfumbalé
famine,famine,,mfumbale ya zaé
famine,famine,,zaé
fange,mire,,ésalak
fantôme,ghost,,kôn
fardeau,burden,,mbe'e
farine,flour,,avut
fatigue,fatigue,,som
fatigue,fatigue,,te'ete'e
faux,false,,ékotekot
favorable,favorable,,mvaé
favori,favorite,,nkpwek
féconder,fertilize,,biaé
féconder,fertilize,,fôé
feindre,feign,,bo ane
femelle,female,,minga
femelle,female,,ngal
femme,female,,minga
femme,woman,,ngal
sage–femme,midwife,,mbialé
femme âgée,elderly woman,,ékpwese
femme âgée,elderly woman,,ékua minga
femme mariée,married woman,,nga fam
fendre,split,,sal
fendre,split,,tyaé
fer,iron,,étyé
ferme,farm,,ne zeñ
ferme,farm,,ñyeman
ferme,farm,,ne sim
ferme,farm,,ne zeñ
fermer,close,,dip
fesse,butt,,akan
fesses,ass,,zut
festin,feast,,ésulane bidi
feu,fire,,nduan
allumer le feu,light the fire,,kôban nduan
feuille,leaf,,kaé
feuille,leaf,,ôkaé
fétiche,fetish,,mebáda
fiançailles,engagement,,atiñ aluk
fier,proud,,mengo'o do
fierté,pride,,jin
fierté,pride,,jin nlem
figure,figure,,asu
filet,net,,avot
filet,net,,ékoé
fille,girl,,mona minga
fille,girl,,ngon
belle fille,beautiful girl,,mbom
fini,finish,,"ne meñ, ne meñelé"
fil,thread,,nkol
fil á broder,thread to embroider,,nsinga
filer,spin,,ne sot
fils,threads,,mon
fils,threads,,mon'a fam
mon fils,my son ,,monam
petit–fils,grandson,,ndaé
fin,end,,asuá｢âぎâ┐ulan
fin,end,,susuá｢âぎâ┐a
fin lin,fine linen,,ndombo
finir,finish,,man
fixer,fix,,tiñeti
fixer le prix,fix the price,,tube tañ
flamboyant,flamboyant,,nduan
flamme,flame,,nkabaá｢âぎâ┐a
flaner,flaner,,ndeñ
flatterie,flattery,,éwono'o
flèche,arrow,,akoñ
fléchir,flex,,meñ
fleur,flower,,sám
fleurir,flower,,sam
fleuve,river,,ôsôé
bras du fleuve,river arm,,mbal
flots,waves,,mintyôa
flots,flows,,mimfuku
flute,flute,,ndiñ
foie,liver,,ések
foie,liver,,ndalebôbô
fond,deep,,édòk
fond du village,back of village,,ébône nlam
fondation,"origin, foundation, base",,mbôka'a
fondre,melt,,nyeme
force,force,,évô
force,strength,,ñgul
forcer,to force,,tíndi
rassembler ses forces,gather strenght,,ngamekan
forêt vierge,rain forest,,mbiam
forger,forge,,lui
former,form,,"kôm, kômône"
former,train,,limi
fort,strong,,"ngu, ngul"
fort,strong,,ngungul
forte pluie,heavy rain,,éko'o mveñ
fortifier,fortify,,ve ngu
fosse,pit,,ébé
fouet,whip,,nkassa
fouiller,dig,,la'ate
fouiller,dig,,vun
foulard,dig,,ntôm
four,scarf,,mbuñ
four,oven,,mbuban
fourberie,deceit,,medu'an
fourchette,trickery,,élum
fournaise,furnace,,mbeá｢âぎâ┐e nduan
se fourvoyer,go astray,,kope zen
frapper,strike,,bibi
frapper,hit,,lum ékuta
freiner,brake,,simi
frère,brother,,ndôm
beau–frère,brother-in-law,,mmiaé
beau–frère,brother-in-law,,ndima nnôm
(mon) frère,(my) brother,,mojañ
(son) frère,(his) brother,,monyañ
ton frère,your brother,,mônyôñ
froid,cold,,avep
frelon,hornet,,amvam
frère,brother,,mon–a–be–tate
frères,brothers,,bobenyañ
frayeur,very,,angôndô
front,face or front of a person or animal,,mvom asu
frontière,"limit, extreme",,nné
frotter,"rub, wash by rubbing, scour",,tuk
fruit,fruit,,ébuma
fuir,"run away, fear",,mate
fuir,run away,,tup
fuite,on the run,,mbil
fumée,smoke,,ôtita
funérailles,burial,,ébeñse
fureur,fury,,ayaa
fureur,great anger,,ayok
en face,"face to face, vis–á–vis",,yat
se faire mal,get hurt,,juk
prendre femme,,,luk
coucher avec une femme,sleep with a woman,,fulane minga
organiser un festin,organize a feast,,kuli bidi
jeune fille,young woman (not teen but not a citizen either),,évôme ngon
arrière petit–fils,grand–son,,éndil
gage,pledge,,éban
gagner tu poids,gain weight,,
gaieté,"gay, joy",,avak
gallon,grade,,bekõdé
gagnant ,winner,,mimvo
gagner,win,,
garde,keep,,mba'ale njôô bõt
garde,guard,,ntyêl
garder,keep,,ba'ale
garder,to keep,,kale
garder,keep,,"naan, nän"
garder,keep,,naan
se garder,keep,,tabe ntyêl
gardien,keeper,,mba'ale
garniture,trim,,mbeka'a
gardien de prison,prison guard,,mba'ale nda mimbôk
gaspiller,waste,,ndaman
la gauche,left,,mbo ngal
gémir,groan,,tat 
gémissement,groan,,ntat
gendre,son-in-law,,nnôm ngon
généalogie,genealogy,,éndan
génération,generation,,miaé
généreux,generous,,akap
généreux,generous,,ésôs
génisse,heifer,,ngal ényaka
genou,knee,,aboñ
gerbes,sheaves,,mbôm
germer,germinate,,faa
gesticuler,gesticulate,,vuñ
gibecière,gibecière,,ékpwaé
gibier,prey,,nkok
gibier,game,,tit
glaive,sword,,nkpwate mekôn
gloire,glory,,duma
gloire,glory,,étôtok
gobelet,goblet,,ékpwas
gonflé,swollen,,mvusan
gonflement,swelling,,mvusann
gosier,gullet,,éngoñ
gourmand,gourmand,,ndok
gourmandise,gourmandise,,ndok
goutte,drop,,atoé
grace,grace,,mvam
graine,seed,,fes
grand,big,,anen
grand,tall,,beta
grand,big,,jama
grand bruit de pas,big sound of footsteps,,ékindi
grand–mère,grandma,,émvam
grand–père,grandfather,,émvam
grand lobe du foie,large liver lobe,,ndalebôbô
grande obscurité,large darkness,,lumeti
grandir,grow,,wumu
grandir,grow,,yaé
grandir,grow,,nañ
grappe,cluster,,ésoson
gras,fat,,avem
gras,fat,,ndu
graisse,fat,,avem
gratter,scratch,,wom
gravé,engraved,,nkpwelan
graver,engrave,,kpwelé
grêle,hail,,ata a
grenier,attic,,nda bidi
grenouille,frog,,nkóñgó
griffe,claw,,akul
grille,grid,,étañ
gri–gri,gri-gri,,njit
gronder,growl,,bam
gros,big,,anen
grossesse,pregnancy,,abum
groupe de personnes,group of people,,group of people
guérir,heal,,saé
guérir,heal,,yet
guérison,healing,,nsaéban
guérison,healing,,ñyetan
guerre,war,,bita
guider,guide,,liti zen
guitare,guitar,,mvet
s'habiller,get dressed,,bot
hésitation,ndalula,,"hesitation, reluctance"
hésitation,hesitation,,ndíñí-ndiñi
homosexuel,homosexual,,élôlô
hospitalité,hospitality,,menyep
ici,here,,nné
ici,here,,va
ici,here,,váná
île,island,,ékôte máñ
image,image,,éve'ela
immoler,immolate,,wôé
impatient,impatient,,õjeja'a
impétueux,impetuous,,tôtô'o
implorer,implore,,ye'elan
imputer,impute,,kale
inachevé,unfinished,,biwôs
incirconcis,uncircumcised,,nsôso
"indifférent, s'en foutre","indifferent, don't care",,mesap
indigène,indigenous,,mbialak
infamie,infamy,,ézezam
infecter,infect,,nyum
inférieur,inferior,,sí
infidélité,infidelity,,medu'án
informe,inform,,zameta'zametan
informer,inform,,kat
infusion,infusion,,mewõt
ignorant,ignorant,,ndimi mam
innocent,innocent,,teke bijô
inquiétude,concern,,biyebé
inimitié,enmity,,ziñ
inique,iniquitous,,ékotekot
iniquité,iniquity,,abé
iniquité,iniquity,,ézezam
injurier,insult,,ta
inserrer,insert,,somesan
insister,insist,,tindi
insister,insist,,yêmête
insomnie,insomnia,,"évéé, évévé"
instruments,instruments,,bivôle
insulter,insult,,ta
interdire,forbid,,kame
intérêt,interest,,abet
intègre,integrity,,zoso
intérêt,interest,,nsengue
interroger,question,,sili
intervalle,interval,,afôla
intelligence,intelligence,,ñyeman
intelligent,intelligent,,atyeñ
intelligent,intelligent,,fek
intelligent,intelligent,,ntyetyeñ
interprète,interpreter,,nkalane mejô
intestin,intestine,,ñya 
des intimes,intimate,,koé ba njem
invitation,invitation,,mbañete
invité,guest,,ñneñ
ivoire,ivory,,mbañ
invoquer,invoke,,ye'elan
irritation,irritation,,ôlun
jalousie féminine,female jealousy,,aban
jalousie masculine,ame jealousy,,zes
jambe,leg,,énam
jardin,garden,,afup
moi,me,,ma
je,I,,me
jeter,spread,,miam
jeter,throw,,wua
jeune,young,,éyel
jeune,youth,,mongo
jeune homme,young man,,ndôman
jeunesse,youth,,mongo
jeux,games,,bivôé
joie,joy,,jôk
joie,joy,,mevak
jonc,rush,,akpwaé
joindre,join,,lat
joint,joint,,nlatan
jouer,play,,vôé
jouer,to play,,duk
joug,yoke,,éboñté
jour,day,,môs8
joyeux,happy,,ne njema
juge,judge,,ntyi'i mejô
jugement,judgment,,ntyi'an
jumeau,twin,,mbias
juppe,juppe,,azem
jurer,swear,,kan
jurer,swearing,,tiñeti
juron,swear,,ñganá
jusqu'á,until,,akêkúi
jusqu'á,until,,azúkúi
jusques á quand,until when,,ntéa vé
lá,there,,valé
par lá,over there,,ndemben
labourage,plowing,,nsenan
labour,plow,,senan
labourer,plow,,sen
laboureur,plower,,mbo mefup
lacet,shoelace,,akota
laisser,let,,jô'é
laisser passer,let go,,lôtô
lácher,let go,,lom
laisser,let go,,lík
laisser,let go,,suu
laisser la vie,let go of life,,nyii
laisser partir,let go,,suu
lait,milk,,menyañ
lamentation,lamentation,,ñyian
lamentation,lamentation,,ñyôn 
lance,spear,,akoñ
lancer,throw,,lum
langue,tongue,,nkobô
langue,tongue,,ôyem
languir,languid,,nyamete
languir,languid,,ku som
largeur,breadth,,ndam
larme,tear,,dilik
laver,wash,,sôp
laver en frottant,wash by rubbing,,tuk
laver,wash,,wó'o
laver avec les herbes,wash with herbs,,wotan
se laver,wash oneself,,woban
laxatif,laxative,,ngbwas
le,the,,nye
léger,light,,ôkekep
lendemain,tomorrow,,bia tyé
lendemain,tomorrow,,tyé kpwa
lentement,slowly,,ôte'etek
lèpre,leprosy,,zam
lettre d'alphabet,letter of the alphabet,,ékanga
lettre de l'alphabet,letter of the alphabet,,nnemb
leur,their,,wop
leurs,their,,"baba, bap"
leurs ,their,,map
lever,get up,,bete
se lever,get up,,tebe
lever de l'aurore,dawn rise,,melende me tyé
se lever tôt,get up early,,kun
lèvre,lip,,éyaé
libérer,free,,suu
liberté,freedom,,éto nti
liberté,freedom,,nsuan
libre,free,,nti
lie,bound,,"ébit, ébiti'i"
lié,bound,,mba'atan
lien,bound,,ngata'
lier,bound,,dutu
lier,bound,,kak
lier,bound,,lat
lieu,bound,,vôm
lieu,place,,élik
ligotage,binding,,ngata'a
ligoté,tie,,nka'an
loi,law,,ntyian
limite,limit,,éfemba
limite,limit,,nné
lin,linen,,ndombo
linteau,lintel,,mbo'o mbé
linteau,lintel,,mbôk
lion,lion,,ñgbweñgbwem
lisse,smooth,,ékôkôn
"lisser, rendre lisse","smooth, make smooth",,"wòé, wòòé"
liqueur,liquor,,binyunyui bi ne ngu
lit,bed,,énoñ
livre,book,,kalate
grand lobe du foie,large lobe of the liver,,ndalebôbô
loi,law,,mvinda
loin,far,,ôyap
le long,all along,,éwom
longueur,length,,nté
longtemps,a long time,,kom
louange,praise,,nkañan
louche,ladle,,ndimba
louer,praise,,kañ
loup,wolf,,ze
lourd,heavy,,adit
lui,him,,nye
lune,moon,,ngôn
lune,moon,,ngon
clair de lune,moonlight,,miel
lumière,light,,éfufup
lumière,light,,éngengeñ
luminaires,lamps,,bifufup
luth,lute,,mvet
lutte,struggle,,mesiñ
ma,my,,wom (mone wom)
mâchoire,jaw,,angek
magasin,storage,,abemen
magicien,magician,,mvimvi'i
magicien,traditional doctor,,ñgengañ
magnifique,magnificent,,étôtok
maigre,thin,,nkôt
main,hand,,wo
battre les mains,clap one's hand,,kute fas
mais,but,,ve
maïs,grain,,fôn
maison,"house, home",,nda
maison (de servitude),,,nda belo  
maison en construction,house in construction,,ñkpwas
matin,"morning, dawn",,tyé
maître,"master, chief",,njôô
maître,"teacher, insructor",,ñye'ele
maitresse,"concubine, mistress, girlfriend",,ébon
mal,"bad, rage, outrage, disaster",,abé
mal,naughty,,mbia
maladie,sickness,,ôkon
maladif,sickening,,mfefeñ
malchance,bad luck,,bidim
homme,man,,fam
malédiction,curse,,biyo'é
malheur,bad luck,,bidim
malheur,bad thing,,mbía jam
malheur,bad occurrence,,mvené
malheureux,sorrowful,,éñgôñgol
malheureux,unhappy,,mbubua
malice,malice,,ézezam
matraiter,mistreat,,tibili
manger,eat,,dí
mangue,mango,,ndò'o
manquement,"lack, missing",,évus
marchand,merchant,,ñkuan
marche,march,,dulu
marche,march,,meke
marcher,walk,,wulu
marque,brand,,abat
marqueté,inlaid,,abat 
mari,husband,,ñnôm
mariage,wedding,,alúk
marché,market,,meñgan
marmite,marmite,,mve
marteau,hammer,,akuta'a
mamelle,udder,,abé
marmite,marmite,,viek
massage,massage,,mbap
se masturber,masturbate,,tyene
oncle maternel,uncle maternal,,ndômenyañ
neveu maternel,maternal nephew,,mone kal
matin,morning,,mam me tyé 
mature,mature,,ôya
maudit,cursed,,biyo'é
mauvais,bad,,abé
mauvais cœur,bad heart,,abé nlem
méchanceté,wickedness,,abé nlem
méchant,wicked,,mbía
méchant ,wicked,,mbia mot
médecin traditionnel,traditional doctor,,ñgeñgañ
médicament,medicine,,biañ
méditer,meditate,,bindi
méditer,meditate,,bôndé fek
méditer,meditate,,fas
se méfier,beware,,tabe ntyel
mélange,mix,,mfula'ane
mélangé ,mixed,,mfulán
mélanger,mix,,baman
mélanger ,mix,,bundane
mélanger,mix,,metan
mêler,mix,,fulane  
même,same,,ja'ana
membre,member,,énam
membre,member,,mvôn
menacer,threaten,,kumelan
mendiant,beggar,,"õwútu, õwútu'u"
mensonge,lie,,medu'án
mensonge,lie,,minsós
mensonge,lie,,mina
menteur,liar,,medu'án
mépris,contempt,,ébiasé
mépriser,scorn,,biasé
mer,sea,,mañ
Mer Rouge,Red Sea,,Evêle Máñ
bord de la mer,edge of sea,,nsá'á mañ
côte de la mer,coast of sea,,nsa'a mañ
mère,mother,,nyia 8
belle–mère,mother-in-law,,ntyi
ta mère,your mother,,nyua
messager,messenger,,nloman
mesure,measure,,abim
mesurer,measure,,vek
mets,put,,bidi1
mettre,put,,bôé
mettre,put,,futi
mettre á l'épreuve,to put to the test,,ve'ele
mettre á part,mettre á part,,naan
mettre en désordre,make a mess,,zametan
se mettre debout,to stand,,tebe
meurtrissure,bruise,,minlun
meurtrissure,bruise,,nlun
midi,noon,,zañe mos
miel,honey,,wôé
miettes,crumbs,,melanga
mieux,better,,zo
milieu,middle,,ézezañ
milieu,middle,,zañ
minuit,midnight,,alu minté mibaé
minuit,midnight,,zañ alu
minuscule,tiny,,anyenyam
mirroir,mirror,,"ngobé, éyet"
misérable,miserable,,bua
misérable,miserable,,mbubua
misère,misery,,bua
misère,misery,,mebúa
misère,misery,,meliñ
miséricorde,mercy,,mvam
modèle,model,,éve'ela
moelle,marrow,,foñ
moi,me,,ma1
montrer de l'affection,show affection,,show affection
mois,month,,ñgon
moisson,harvest,,ñkôan
moissonner,harvest,,kôane
moment,moment,,aboñ
mon,my,,wom (mone wom)
mon frère,my brother,,moójàñ
monaie,monaie,,èfutá
monceau,monceau,,avis
monétisation,monetization,,mfuta'anê
monétiser,monetize,,fútu
monétiseur,monetizer,,mfutu
monsieur,mister,,monti
monstre,monster,,ébibi
mont,mount,,ñkôl
montagne,mountain,,ñkôl
monter,mount,,bet
montrer,show,,líti
monture,mount,,mboma'anê
monument,monument,,akõn
se moquer,mockery,,kpwê'êle
moquerie,mockery,,èkpwê'êlá'á
morceau,piece,,èfús
morceau,piece,,õfus
(petit) morceau,(small) piece,,õfufus
mordre,bite,,lôp
motif,pattern,,éfia
motte,lump,,abôm
mou,soft,,ntelé
mou,soft,,émumum
mouche,fly,,nlo
moule,mold,,étili
mourir,die,,wu
mousse,moss,,"avu, avul"
se mouvoir,move,,nyi'itan
se mouvoir,move,,wulu
muet,mute,,mvuk
muet,mute,,ne sebaan
multiplier,multiply,,bulu
multiplier,multiply,,fôé
multiplier,multiply,,fôlô
multitude,multitude,,jama
multitude,multitude,,nsamba
mur,wall,,éfifin
mur,wall,,mfin
muraille,wall,,aka'a mekok
muraille,wall,,akak
murmurer,murmur,,nyiñ
murmures,murmurs,,menyiñ
nager,swim,,jok
naissance,birth,,abialé
náitre,be born,,bialé
narine,nostril,,jôé
nasiller,snuffle,,somé
nation,"nation, tribe, people",,ayoñ
nausée,nausea,,nyemenyem
negative,negative,,te
né,born,,mbialan
(premier) né,first child,,ntôle mon
négligeable,negligible,,éñgbwemse
négligé,negligent,,éñgbwemse
négligence,negligence,,meboko
neige,,,sut
neuf,nine,,ébu
neveu,,,monekál
neveu maternel,maternal nephew,,mone kal
nez,"nose, nostril",,jôé
anneau du nez,nose ring,,odô'ô
noir,black,,évindi
noisette,nut,,komen
nom,name,,jôé
nombre,number,,alañé
nombre,number,,nlañan
nombre,number,,tañ
nombreux,"a lot, great quantity",,abui
nombril,belly button,,dop
non,no,,momo
non,nope,,teké'é
,,,kookoo
nos,our,,"bangan, bañ"
notre,our,,"bangan, bañ"
nourriture,food,,bidi1
nous,we,,bia
nouvelle,announcement,,foé
nouvelle,news,,mbañete
nœud ,node,,ébetan
nu,naked,,soé
nuage,vapor,,nkut
nuée,vapor,,nkut
nuit,night,,alú
nul,lame,,momo
nudité,nakedness,,nsoé
nuque,neck,,do
obéissance,obedience,,mewôk
obéissant,respectful,,ésemé
obèse,obese,,ôñgbweleñgbwel
obscurité,dark,,díbi
observer,observe,,kale
obstruer,obstruct,,yok
odeur,odor,,ényum
bonne odeur,good smell,,mesan
parfum odoriférant,perfume,,ôzeze'e
œuvre,accomplishment,,ésaé
offrande,offer,,mbômô
offrande,offering,,mimvean
offrande,offering,,mvean
oignon sauvage,wild onion,,ayañ
oindre,anoint,,wo'o mbon
oiseau,bird,,ônon
oiseleur,bird hunter,,ñwôé anon
oncle (maternel),maternal uncle,,ndômenyañ
ondes,streams,,mintyôa
ongle,boot,,ébo'os
onze,eleven,,awôm a wua
œ,eye,,dís
ombre ,shadow,,èjijin
opprobre,joke,,ékpwe'ele
opprobre,shame,,ôson
opulence,fortune,,afôk
orage,storm,,ndume mveñ
ordonner,to command,,tiñeti
ordre,order,,atiñ
ordre,decree,,njoane
ordonnance,prescription,,atiñ
oreiller,pillow,,ébônga
organiser,organize,,ka'a
organiser un festin,organize a feast,,kuli bidi
orgueil,snob,,mebun
orienter ,lead,,têbêle
orienter,orient,,yo'olõ
origines,origin,,miaé
origines,base,,mbôka'a
ornement,ornament,,mbot
orphelin,orphan,,mônenyui
otage,hostage,,ñkom
ôter,get rid of,,kuié
ôter,to remove,,vaa
ôter,to remove,,vas
où,where,,vé
oublier,forget,,vúán
oui,yes,,eeñhe
oui,yes,,yaá
oui,yes,,ngo'o jok !
outrage,outrage,,abé
outre,besides,,ndek
outre,bottle,,ndek
ouvert,open,,ntuban
ouverture,opening,,mbé
ouvrage,work,,ésaé
ouvrir,open,,"dii, dï, diin, dïn"
ouvrir,open,,kaké
ouvrir,open,,kui
pacte,pact,,minkal
pagaie,,,éngap
page,page ,,tep
paille,herb,,élok
paille,straw,,ñkêndêk
paix,peace,,"mvo'é, nyeñge-nyeñge"
palmier,palm tree,,alên
palpitation,palpitation,,kumetan
panetier,basket maker,,mbupe bidí
panier,basket,,ñkoé
papillon,butterfly,,évulebebas
paquet,package,,"atôm, mbôm"
par lá,by the,,ndemben
parce que,because,,amú
parti aux champs,gone to the fields,,minneñ
partial,partial,,ékòtekòt
parcourir,to browse,,boman
parcourir,to browse,,ndeñndeñ
pareil,same,,éfunan 
parenté,kinship,,avuman
parenté,kinship,,évúvúmán
paresseux,lazy,,avòé
paresseux,lazy,,éles
paresseux,lazy,,nleles
parfum,perfume,,ôzeze'e
parler,to speak,,kòbô
parole,word,,ajô
parole,word,,éfíá
parole,word,,ñkòbô
paroi,wall,,mfin
parrure,finery,,metabé
part,part,,akap
part,part,,ñgap
part de,share of,,étam
partage,share,,ngap
partager,share,,kap
partir,depart,,ke
partir de,depart from,,kôlô
parvis,court,,nseñ
pas,not,,ada abo
pas,not,,ékinda
pas,not,,sa
passage étroit,narrow passage,,fandan
passer,pass,,lôt
passer,pass,,lôtan
passer,pass,,nemban
,,,
passer du temps,spend time,,vambe
passer la nuit,spend the night,,bômbô
passereau,sparrow,,mvokuma
páƒâ¢te,paste,,mfulane fembé
patience,patience,,mban
patient,patient,,mban
paupière,eyelid,,éyakolé
pauvre,poor,,bua
pauvre,poor,,nzôzoé
pauvreté,poverty,,bua
payer,pay,,ya'an
peau,skin,,ékôp
péché,sin,,abé
pectoral,breastplate,,toé
peint,painted,,nduban
peinture,painting,,meyañ
pêche á la nasse,fishing with a trap,,alôk
peine,pain,,ndôme
peler,peel,,wom
pelle,shovel,,ésobelé
pencher,lean,,sili
pendre,hang,,tyelé
pénible,painful,,ayaé
pénis,penis,,nsôso
pensée,thought,,ôsimesan
penser,think,,simesan
percer,pierce,,tup
se perdre,get lost,,jañ
se perdre de vue,lose sight of each other,,kandan
père,father,,ésa
père,dad,,tate
beau–père,stepfather,,ntyi
périr,perish,,boé
périr,perish,,wu
période,period,,éjua (Ñnañga Kôn)
permettre,allow,,kañese
permettre,allow,,me'ete
permettre,allow,,yebe
perpétuellement,perpetually,,nnôm éto
perpétuité,perpetually,,kom
personne,person,,môt
perte,loss,,njañ
pervers,perverse,,ékotekot
petit,little,,mon
petit,little,,tyôtyôé
petit morceau,little piece,,ofufus
petit–fils,grandson,,ndaé
pétrin,kneading,,afunda
peu,little,,ngelé
peu,few,,tyôtyôé
peu à peu,little by little,,ôte'ete'ote'etek
á peu près,little,,mimfimesan
un peu,a little,,ôyôm
peuple,people,,ayoñ
peuple,people,,bôt
peupler,people,,mialan
avoir peur,to be afraid,,mate
peut–étre,maybe,,ndô'ôtô
phonétique,phonetic,,ényi'inyia nkobô
photo,photo,,éve'ela
pièce,room,,éfus
pied,foot,,abo
piège,trap,,ékoé
piège,trap,,ôlam
pierre,stone,,akok
pierre angulaire,cornerstone,,ako'o jua
piétiner,trample,,tibi
pieux,stakes,,ôfena'a
pipe,pipe,,abu'u  
piquer,prick,,bem
pirogue,dugout,,bial
pistache,pistachio,,ngon
pitié,pity,,éngôngo
avoir pitié,have pity,,ko éngôngô
placenta,placenta,,ésôk
placer,place,,telé
placer,place,,tôé
plaie,wound,,aveñ
plaine,plain,,nje'ese
plaine,plain,,ñyanebe
plaisanter,joke,,vôé
plaisanterie,joke,,fiañga
planète terre,planet earth,,émo minlañ
planche,board,,abam
plannifier,plan,,bu
plantain,plantain,,nsa
planter,plant,,bé
plat,flat,,ébambam
plat,flat,,ésua
plein,full,,ndu
pleine lune,full moon,,abôme ngon
pleine lune,full moon,,memua
pleur,cry,,nyon
pleurer,cry,,yi
pleurer,cry,,yi dú
pleurer,cry,,yôn
pleuvoir,rain,,noñ
faire pleuvoir,make rain,,noo
faire pleuvoir,make rain,,noo mveñ
pluie,rain,,mveñ
plume,feather,,asaé
plus,more,,dañdañ
plus,more,,ndañan
de plus en plus,more more,,nenenen
poche,pocket,,mfek
poinçon,punch,,nsôñ
poids,weight,,adit
poignet,wrist,,meñgas
poil,hair,,mvôt
poil,hair,,nvôt
poils,hair,,mevul
poing,fist,,ékuta
point,point,,tu'a
poisson,fish,,kos
poitrine,chest,,nkuk
poitrine,chest,,ôngôn
poli,polished,,ékôkon
pont,bridge,,ékanga
pont,bridge,,ékasa'a
porte,door,,mbé5–6
porter,carry,,be'e
porter,carry,,wum
porteur,carrier,,mbe'e biom
portion,portion,,éfas
poser,pose,,beté
poser,pose,,bôé
posséder,possess,,bi
possesseur,possessor,,"mie, miene"
postérité,posterity,,miaé
postérité,posterity,,mvoñ
postulant,postulant,,ébis
pot,pot,,viek
potage,soup,,nfiañ
potage,soup,,nwô'ô
poteau,post,,akôn
poudre,powder,,ndup
pour,for,,mfa'a
pour que ,so that,,ndemben
pour toujours,forever,,nnôm éto
pourquoi,why,,aya
pourri,rotten,,ébol
pourrir,rot,,boé
poursuivant,pursuer,,ba'aba'a
poursuivre,pursue,,tôñ
pourvoir,be able,,veban
poussé,pushed,,ntindan
pousser,push,,faa
poussière,dust,,mbuluk
poussière,dust,,metek
poussière,dust,,ndup
pouvoir,power,,ngul
poux,lice,,nyin
prairie,meadow,,élok
tradi–praticien,traditional practitioner,,ñgengañ
pratiquer la sorcellerie,practice witchcraft,,kui atan
précepte,precept,,atiñ
précieux,precious,,édima
précipitamment,hastily,,avôl
prémice,firstfruits,,atata'a
prémices,firstfruits,,mbômô
prémices,premices,,mbômô
premier,first,,da
premier,first,,ôsu
premier né,first  born,,ntôle mon
première ligne,first line,,afak
première place,first place,,afak
prendre,take,,baman
prendre,take,,nyoñ
prendre (femme),take (woman),,luk
préparé,prepared,,ñyamam
préparer,prepare,,"kôm, kômône"
préparer,prepare,,yam
préparatif,preparation,,ngomesane
prépuce,foreskin,,atyel
près,near,,bebé
près,near,,fefel
près,near,,mfôm
á peu près,nearly,,mimfimesan
présent,present,,atôm
présent,present,,mvean
présents,presents,,biôm4
présider,preside,,jôô
presser,press,,e miat 
presser,press,,tindi
práªt,ready,,nkoman
préter de l'argent,lend money,,kôlé moné
prier,pray,,ye'elan
pris,taken,,nyoñeban
prise,taken,,nyoñeban
prison,prison,,nda mimbôk
prisonnier,prisoner,,mbôk
prisonnier,prisoner,,nkom
priver,deprive,,jañ
proche,near,,bebé
se procurer,procure,,nyoñ
prodige,prodigy,,étua
prodiges,prodigies,,bitua bi mam
produire,produce,,kuli
produire,produce,,wum
produire en abondance,produce in abundance,,jaé
proférer,utter,,kuli
profond,deep,,édok
progresser,progress,,sabeke
projeter,project,,bôndé
projeter,project,,ka'a
prolongation,prolongation,,ayap
promenade,promenade,,bimo
promesse,promise,,nka'an
promettre,promise,,tiñeti
promptement,promptly,,avôl
promptement,promptly,,ji'a
prononcer,pronounce,,tot
prophète,prophet,,nkulu mejo
propitiatoire,propitiatory,,éngongo
propos,proposal,,mejo
propre,own,,mfuban
propriétaire,owner,,"mie, miene"
propriétaire,owner,,mie jale
se prosterner,prostrate,,kañ
se prosterner,prostrate,,kumbu
se prosterner,prostrate,,vitibi
prostitué,prostitute,,bijabô
prostitution,prostitution,,bijabô
provision,provision,,éka'a
provisions,provisions,,nga'aban
publique,public,,meñgana
"assemblée, réunion publique","assembly, meeting public",,meñgana bõt
publier,publish,,kateban
pulser,pulse,,da'abe
purge,purge,,mvuan
purifier,purify,,tun
se purifier,oneself purify,,tun
puis,then,,ane
puis que,then that,,amu
puiser,draw,,biet
puiser,draw,,lap
puissance,power,,ngul
puissant,powerful,,éwôlô4
puissant,powerful,,kum
tout–puissant,almighty,,ngul ése
puit,well,,anjeñ
puits,well,,ébé
punir,punish,,foñsô
punition,punishment,,melep
pur,pure,,mfuban
pureté,purity,,éngengeñ
pus,pus,,avin
quand,when,,éyoñ5
quand ?,when ?,,éyoñ évé
jusques á quand,until when,,ntaa vé
quarante,forty,,mewom menyin
quatre,four,,minyin
quatre,four,,nyin
quatrième,fourth,,nyini
que,that,,na
parce que,because,,amu
pour que,so that,,ndemben
quelconque,whatever,,éziñ
quelque,some,,ôbe
quelques,few,,abe
querelle,quarrel,,mesengan
querelle,dispute,,ntañete
se quereller,to dispute,,luman
queue,tail,,njem
queue,tail,,ôkot
qui,who,,za
quinze,fifteen,,awôm a metan
quitter,leave,,kôlô
"quitter, abandonner",quit,,lik
rachat,repurchase,,ngôtô
racheter,redeem,,kôté
racheter,redeem,,kôtéban
race,race,,mvoñ
racine,root,,ndi 
raconter,tell,,kañete
raconter,tell,,kat
raffraichissement,refreshment,,foñ
raisin,grape,,ésañ
donner raison,give reason,,kale
raisonnement,reasoning,,nfasan
ramasser,pick up,,to'oé
rameau,branch,,abui
ramener,bring back,,búlan
ramper,crawl,,nyi'itan
rang,rank,,kõdé
ranger,put away,,tak
rapidement,quickly,,ji'a
rapine,rapine,,ñwolan
se rappeler,remember,,simesan
rapportage,reporting,,ñkañete
rapporter,bring back,,kat
rare,rare,,jin
raser,raze,,tyeñ
rassasié,sated,,njalan
rassembler,gather,,koane
se rassembler,gather,,sulan
rassembler ses forces,gather one's strength,,ñgamekan
"rat sauvage qui vit sous la terre, du genre Aenomys hypoxanthus","wild rat that lives underground, of the genus Aenomys hypoxanthus",,bekóé
rattraper,catch,,koone
rayé,striped,,ntendé
rayon,ray,,ñkõkõ
re,re,,beta'a
règle ,ruler,,mvek (ê vek)
rébellion,rebellion,,ñkoban
réception,reception,,ébek
recevoir des hommages,receive tributes,,sek
réclamer encore,claim again,,kat
récompense,reward,,má'an
récompense,reward,,mvák
reconnaître,recognize,,mem
reculer,back down,,bulane mvus
á reculons,á backtracking,,mvúmvúá
redoutable,fearful,,añgôndô
redoutable,fearful,,angôndô
réduire,reduce,,señele
réellement,really,,fo'o
refermer,close,,lat
réflexion,reflection,,fek
refuser,refuse,,ben
regarder,look,,fombô
"regarder, regarder et voir","look, look and see",,"de'è, dé'é"
regarder,look,,lôbô
regarder avec plus d'attention,look more carefully than,,bebe
règne,reign,,njoane
régner,rule,,jôô
regorger,replenish,,fuku
regretter,regret,,jõban
régulier,regular,,mbán
rein,kidney,,angeteñ
rejeter,reject,,ben
rejeton,offshoot,,ésôsoñ
rejeton d'un arbre,offshoot of a tree,,"ntya, ntyaé"
se réjouir,rejoice,,fôn
se réjouir,rejoice,,vak
réjouissance,rejoice,,mevak
relation,relationship,,ñyemba'ane
remède,remedy,,biañ
rempli,filled,,njálán
remplir,fill,,jaé
remplir,fill,,jalé
remplir,fill,,vis
remuer,stir,,bañ
rencontre,meet,,ntôban
rencontrer,meet,,tôban
se rencontrer,meet,,tôban
rendre grand,make great,,wumu
rendre lisse,make smooth,,"wòé, wòòé"
rendre quelqu'un rich,make someone rich,,kúmêle
rendre visite,visit,,jom
renforcer,strengthen,,yemete
renoncer,renounce,,jô'é
rentrer,return,,bulan
renverse,overturn,,mvúmvúa
renversé,overturned,,kayale  
renverser,overturn,,bulukan
renvoyer,send back,,suu
répandre,spread,,miam
répandre,spread,,sôé
se répandre,spread,,fôé
se repentir,repent,,koñelan nlem
répondre,answer,,yalan
réponse,answer,,éban
réponse,answer,,éyalan
réponse,answer,,ñyebe
repos,rest,,awo'on
se reposer,rest,,wo'an
se reposer,rest,,wô'ôn
représentation,representation,,éve'ela
réprimande,reprimand,,melep
reprocher,reproach,,bame
reptile,reptile,,nloñelan
réserver,reserve,,bu'u
réserver,reserve,,naan
résister,resist,,soñ
résister,resist,,libi
respiration,breathing,,mvebe
resplandir ,shine,,faé
ressemblance,resemblance,,éfunane
ressembler,resemble,,funane
respect,respect,,ésemen
respecter,respectful,,semé
respectueux,remain,,mewôk
rester,stay,,li'i
rester,remains,,tabe
restes,restore,,mebuka'a
restituer,delay,,yá'án
retarder,resound,,buk
retentir,rebellious,,duñ
rétif,withdraw,,melo
retirer,return,,vaa
retourner,return,,búlan
retourner,cut,,timane
retrancher,cut,,señele
retrancher,retribution,,vaa
rétribution,meeting,,meya'ane
réunion,meet,,ékôan
se réunir,wake up,,sulan
se réveiller,wake up,,vee
se réveiller,return,,vee ôyo
revenir,put on,,búlan
revètir,put on,,jálé
se réjouir,rejoice,,tabê mefok
dire au revoir,say to review,,yá'an
révolter,revolt,,ben
rhumatisme,rheumatism,,akañ
riche,rich,,kúm
ridicule,ridiculous,,ékpwê'êle
rien,nothing,,momo
rien,nothing,,teke jôm
rien,nothing,,zesé
rigole,laugh,,ésalak
rire,laugh,,vioé
rire,laugh,,woé
rivage,shore,,aboñ
rivaliser,compete,,sengan
rivière,river,,ôsôé
rivière,river,,nlôtô  
robe,dress,,éziñi
robuste,robust,,nkañ
rocher,rock,,akok
rôdeur,prowler,,mvômvô 
rognon,kidney,,mbañ otam
roi,king,,njô bôt
(cou) roide,(neck) stiff,,ntip
rompre,break,,buk
ronce,bramble,,ndôé
rond,round,,njiñelete
ronfler,snore,,koñ
rosée,dew,,élok
roue,wheel,,nka
rouge,red,,évele
rouler,roll,,feneke
route,road,,mekotô
roux,red-haired,,évele
ruisseau,stream,,ôtôñ
ruse,cunning,,medu'án
rusé,crafty,,fek
rester en vain,stay in vain,,étabetabe
lancer un regard,gaze,,ne fonááaa!
Mer Rouge,red sea,,Evele Mañ
faire retentir,make it sound,,duñulu
sa,his,,wé
sable,sand,,nselek
sabot,hoof,,ébo'os
sac,bag,,ékpwaé
sac,bag,,nkuta
sac,bag,,mfek
sacré,sacred,,édima
sacré,sacred,,etyi
sage,wise,,fek
sage,wise,,ñyeme mam
sage–femme,midwife,,mbialé
sages,wise men,,bôt betô
sagesse,wisdom,,ñyeman
sagesse,wisdom,,fek
saint,holy,,etyi
sainteté,holiness,,etyi
saisir,grasp,,bi
salaire,wages,,ma'an
salaire,wages,,tañ
sale,dirty,,mvin
sanctifier,sanctify,,tun
sang,blood,,metyi
sanglier,boar,,ngôé afan
sans (défaut),without (flaw),,ne selem
sans (défaut),without (flaw),,selem
sans (sel),without (salt),,avoé
santé,health,,mvo'é
(bonne) santé,(good) health,,mvoé
sarment,branch,,afas
sauce,sauce,,nfiañ
sauf,except,,vengevenge
sauterelle,grasshopper,,éntandak
sauver,save,,nyii
se sauver,save oneself,,mate
savoir,knowledge,,yem
savon,soap,,abijô'ô
scarifier,scarify,,kpwelé
sceptre,scepter,,ntum éjôé
sculpté,carved,,mbaan
sec,dry,,ñkôt
(á) sec,(to) dry,,mvelan
séché,dried,,mvelan
sécher,dry,,kak
sécher,dry,,kôt
sécher,dry,,kôtô
sécher,dry,,len
sécher,dry,,vele
secouer,shake,,fô'ô
secours,help,,mvolan
secret,secret,,asoé
séduire,seduce,,duk
Seigneur,Lord,,Tate
Seigneur Eternel,Lord Eternal,,Tate Jéhova
sein,breast,,abé
sein,breast,,toé
séjourner,stay,,tabe
sel,salt,,nku
sélectionner,select,,bindi
seller,sell,,jalé
semence,seed,,fes
semence,seed,,mvoñ
semer,sow,,bé
semer,sow,,mias
semer,sow,,mias
sentir,sow,,nyum
sentir,feel,,wô'ôtan
sentir,feel,,wok
séparer,separate,,kandé
se séparer,separate,,kandan
sept,seven,,zañbwa3
septième,seventh,,zañbwale
sépulcre,grave,,soñ
serment,oath,,atiñ
serment,oath,,ngana
serment,oath,,minkal
serpent,serpent,,nyo
serpent (vert),serpent (green),,ayañ
serrer,tighten,,yemete
servante,maid,,mbo ésaé
serviette,towel,,tawôlô
serviteur,servant,,mbo ésaé
servitude,servance,,ésaé
servitude,servitude,,éto belô
set,and,,aju'u
seul,alone,,étam
seul,alone,,jijia
seul,alone,,wua
seulement,only,,ve
sévère,severe,,ayok
sevrer,wean,,tyili abé
si,if,,nge
sifflet,whistle,,toñ
signe,sign,,ndem
sillon,furrow,,abôm 
six,six,,samane
sœur,sister,,kal
belle–sœr,sister-in-law,,mmiaé
soif,thirst,,évé
soigner,treat,,saé
se soigner ,treat oneself,,saéban
soir,evening,,ngô'é
le soir,the evening,,mam me ngôé
soit,either,,ebo'ok
soixante–dix,seventy,,mewôm zañbwa
soleil,sun,,jop2–3
solitaire,lonely,,"ntot, ntot-ê-mõ"
sombre,dark,,ne zi'ili
sommeil,sleep,,ôyo
sommet,pick,,abôbôn
sommet,on top,,yôp
sommet,the highest level,,susu'a
somnoler,doze,,ndeñ ôyo
son,"sound, noise",,éduñ
son,"his, her",,wé
son frère,his brother,,monyañ
sonder,meditate,,fas
songe,dream,,biyeyem
sorcellerie,witchcraft,,évu
sorcellerie,witchcraft,,ngbwel
sortir,"leave, get out",,kôlô
sortir,get out,,kui
souche,root,,ékum
souffrance,suffering,,ékpwe'ele
souffrance,"oppression,",,minta'é
souffrance,"affliction, suffering",,njuk
souffle,"respiration, breath",,mvebe
souffler,blow,,kut
souillure,defilement,,mvin
soulever,lift,,bete
soulier,shoe,,ékondé
soupir,sigh,,abuk
soupir,sigh,,édudu
source,source,,anjeñ
sourd,deaf,,ndok
sourd,deaf,,mvuk
sourire,smile,,memuñ
"sourire (légèrement, de manière presqu'imperceptible)","smile (slightly, almost imperceptibly)",,muñ
sous,under,,si1
soutenir,support,,kalé
souverain,sovereign,,ntum njôô
souvenir,memory,,ôsimesan
se souvenir,remember,,simesan
statue,statue,,akok
statut,status,,mvinda
stérile,sterile,,nkôkôm
stupide,stupid,,ndimi mam
strict,strict,,ayok
stupéfaction,astupefaction,,fe'e ne vema
stupide,stupid,,ndiman
subsistances,subsistence,,mebuka'a
subsister,subsist,,langan
subsister,subsist,,tabe
sucré,sweet,,ézezek
sueur,sweat,,éduduk
suffire,suffice,,yian
suivant,next,,mvetane mon
suivre,follow,,tôñ
supérieur,superior,,yôp
supplanter,supplant,,vamban
supplémentaire,supplementary,,éfata
supplication,supplication,,nja'an
supporter,support,,bi nlem
supporter,support,,jibi
sur,upon,,yôp
sur la chaise,on the chair,,éto yôp
surface,surface,,nyem
table,table,,tawôlô
tableau noir,blackboard,,étyimbi
tabou,taboo,,ndimba
tache,stain,,ayeñ
tache,stain,,aton
tacheté,spotted,,aton
taillé,carved,,mbaan
taillé,carved,,nkpwelan
taisez–vous,shut up,,kpwa'an bivô
talon,heel,,étimekili
talon,heel,,mbiaé
tam–tam,tam–tam,,nkul  
tambourin,tambourine,,ngôm
tarder,delay,,bem
tarder,delay,,langan
tardif,late,,njiñelan
tarir,dry up,,kôtô
tas,heap,,avis
tas,heap,,njin
tasse,cup,,édoáвâВмâДвésua
tâter,feel,,bôbôlô
tatonner,feel,,bop
te,feel,,wô
teigne,ringworm,,komebua
teint,complexion,,nduban
tellement,so,,aka'a
témoignage,testimony,,ngaa
témoignage,testimony,,nkañete
témoin,witness,,ngaa
tendon,sib,,nsis
ténèbres,darkness,,díbi
tendre,tender,,nte'an
tendre,tender,,sám
tendre les pièges,set traps,,lam 
tenir,hold,,ba'ale
se tenir,stand,,têbe
se tenir sur ses gardes,stand on guard,,tabe ntyel
se tenir dans une position de menace,stand in a threatening position,,kumelan
tenon,tenon,,ayema'a
tente,tent,,ébem
tentes,tents,,bindelé3
terre,earth,,étek
terre,land,,kindik
terre,ground,,metek
terreur,terror,,angondô
terreur,terror,,woñ
terreur,terror,,metema
terrible,terrible,,étua
tes,shard,,miôé
tesson,head,,éfus éyeñele
théraphim,theraphim,,ngunemelan
tiare,tiara,,ôzômezom ntom
tituber,stagger,,ndembe
tige,stalk,,ékumba'a
tige,stalk,,nkuk
timide,timid,,émum
tison,brand,,ési'i nduan
toi,you,,wô
toi–máкme,yourself,,womien
toile,web,,nsinga
toile d'araignée,cobweb,,ndeten ya abôp
toit,roof,,andil
tôle,sheet metal,,ékpwembé
tombe,grave,,soñ
tomber  ,fall,,ku
tomber,fall,,labane si
tomber évanoui,fall faint,,ku som
ton (frère),your brother,,mônyôñ
tondre,mow,,tyik
tonnerre,thunder,,zôáвâВмâДвôyañ
tordre,twist,,vit
torrent,torrent,,nlôtô ôsôé
totem,totem,,ngunemelan
toucher,touch,,nambe
toujours,always,,kom
pour toujours,for ever,,nnôm éto
tour,turn,,atyele
tour,turn,,ôzômezôm
tourbillon,whirlwind,,ndongo
tourner,turn,,koñelan
tous,all,,bese
tous,all,,bise
tous les sens,all directions,,mimfaáвâВмâДвa mise
tout,all,,ése
tout,all,,ngum
tout autour,all around,,mbomaáвâВмâДвane 
tout–puissant,all-powerful,,ngul ése
tradi–praticien,traditional practitioner,,ñgengañ
traduire,translate,,tinan
trafiquer,tamper,,kuan abom
tranquille,quiet,,évovoé
tranquille,quiet,,mvo'é
tranquille,quietly,,ne mieññ
tranquillement,trapdoor,,mvo'é
trappe,trap,,ékuti
tranchant,sharp,,akap
tranchant,sharp,,meyo
transmission de pouvoir,transmission of power,,ngala'ane
transparent,transparent,,éngengeñ
travail,work,,ésaé
travailler,to work,,saé
travailleur,worker,,mbo ésaé
traverser,cross,,bembe
traverser,cross,,dañ
trébucher,stumble,,kolé
treillis,lattice,,avot
tremblement,trembling,,benyeñenyeñe
tremblement,trembling,,nyeñenyeñe
trembler,trembling,,fôáвâВмâДвôban
tremper,soak,,dup
trente,thirty,,mewôm mela
tresse,braid,,mfen
triage,"sorting, sorting",,asamese 
tribunal,court,,nda mejôô
trier,sort,,samese
tringle,rod,,ndoáвâВмâДвo
triomphe,triumph,,ndañan
triste,sad,,éyoé
trois,three,,bela
troisième,third,,lále/td>
trombonne,trombone,,tetombô
tromper,deceive,,duk
tromper,deceive,,mvô'é
tromper,deceive,,sôlan
tromperie,deception,,medu'an
trompette,trumpet,,awubì
trône,throne,,éto njôô
trou,hole,,abé
trou,hole,,èbé
troué,holey,,ntuban
troupeau,flock,,mbam2–3
trouver,find,,koé
trouver,find,,som
trouver,find,,yen
trouver grâce,find thanks,,mvaman
tu,you,,wô
tuer,kill,,woé
tueur,killer,,"ñwôé, ñwôé bôt"
tunique,tunic,,éwoman
un,one,,da
un,one,,jia
un,one,,wua
utile,useful,,mfi
vache,cow,,ñgal ényaka
vagabondage,vagrancy,,ndeñndeñ
aller en vagabondage,go vagrant,,zeme
vagabonder,wander,,ndeñ
vagin,vagina,,ébôn
vaillant,valiant,,éwôlô4
faire en vain,do in vain,,éboboé
vaincre,conquer,,dañ
vallée,valley,,mbi'ili
vanter,boast,,sek
se vanter,boast,,mengok
vantardize,boast,,éngelezek
vapeur,boast,,ñkut
vase,steam,,ésua
vase,vase,,viek
vaste,vase,,anen
veau,vast,,mon'ényaka 
veille,calf,,amombô
veiller,watch,,mombô
velu,watch,,mvôt
vendre,hairy,,kuan
vengeances,sell,,mekun
venger,revenges,,kun
ventilateur,avenge,,bifeba'a
"vérité, vraie",fan,,totii
vigne,"truth, true",,ndik
venin,vine,,nsôm
venir,venom,,so
venir,come,,zu
vent,come,,évuñelu
vent,wind,,évuñulu
vente,wind,,nkus
ventre,"belly, stomach",,abum
ver,worm,,étum
verdure,greenery,,ôbut
verge,rod,,nsôso
verge,rod,,ntum
vérité,truth,,bebela
vérité,truth,,benya mejôô
vermisseau,worm,,évulebebas
verre,glass,,élaé
vers,towards,,be
vers,towards,,ebe
vers,pour,,mfôm
verser,pour oneself,,sôé
se verser,pour blood,,fuluku
verser du sang,clothing,,kuli metyi
vêtement,widower,,ngômesan
veuf,widowhood,,nkus
veuvage,widow,,meyep
veuve,meat,,nkus
viande,victory,,tít
victoire,empty,,avo
vide,empty,,ékôkoé
vide,empty,,éwôwôlé
vide,empty,,mvielan
vide,empty,,ngo ngo ngo !
vide,empty,,ne ngo–ngo–ngo–ngo
vide,ears empty,,ngeñññññ
épis vide,empty,,nkel
vider,life,,su'i
vie,old man,,ényiñ
vieillard,old man,,nnome môt
vieillard,old age,,nya môtô
vieillesse,grow old,,mvendé
vieillir,comes from,,yômbô
vient de,virgin,,ndôme
vierge,old,,éndun
vieux,old,,mvendé
vieux,old,,nnôm
vieux,old,,nnome môt
vigueur,vigor,,ngul
vigne,vine,,ndik
vigoureux,vigorous,,éwôlô4
village,village,,nlam
village de la femme,woman's village,,jañ
village maternel,maternal village,,janyañ
ville,city,,tisôn
vin,wine,,bilam
vin,wine,,meyok
vingt,twenty,,mewôm mebaé
violence,violence,,évô
violent,violent,,évô
violer,rape,,jap
vipère,viper,,akpwe
vis–á–vis,vis–a-vis,,yat
vision,vision,,ñyenan
vite,quickly,,avôl
vivant,alive,,vee
vivre,live,,nyiñ
vivre,live,,tabe
vivres,lives,,bidi1
voeu,wish,,atiñ
voici,here,,mina
voici,here,,ôlô
voie,way,,zen
voile,veil,,éndélé
voiler,veil,,buti
voir,see,,yen
se voir,see oneself,,yenan
agréable á voir,pleasant to see,,mvaé
voiture,car,,metôa
voix,voice,,tjiñ
voix,voice,,tyiñ
haute voix,loud voice,,tyiñe yop
vol de fille,girl's flight,,abom
voler,fly,,wup
voler,fly,,yele1
voleur,thief,,nwuwup
vomissement,vomiting,,ndôlô
volonté,will,,nkômban
vos,your,,benan
vos,your,,menan
vos,your,,miôé
votre,your,,benan
votre,your,,wonan
vouloir,want,,ye
vous,you,,mia
vous–máï¿½me,yourself,,miabebien
voyage,journey,,dulu
vrai,true,,nya
se perdre de vue,lose sight of each other,,kandan
